{
  "uuid": "5ffdeda9-d426-46b5-8307-103d129c2b55",
  "version": "1",
  "id": "denis",
  "file": "5ffdeda9-d426-46b5-8307-103d129c2b55.stl",
  "is_part": true,
  "status": "COMPLETED",
  "histogram_data": [
    {
      "type": "model_bounding_sphere_strict_outer",
      "intervals": 8,
      "data": [
        0.7384417640254091,
        0.2530374574654481,
        0.008520102015275232,
        6.764938675830904e-07,
        0,
        0,
        0,
        0
      ]
    },
    {
      "type": "model_bounding_sphere_strict_outer_absolute",
      "intervals": 8,
      "data": [
        0.6017947350982241,
        0.20621343090788102,
        0.006943475823119853,
        5.51310161032185e-07,
        0,
        0,
        0,
        0
      ]
    },
    {
      "type": "model_bounding_sphere_missed",
      "intervals": 8,
      "data": [
        0,
        0,
        0.27413295357380135,
        0.5126366374597424,
        0.21323040896645623,
        0,
        0,
        0
      ]
    },
    {
      "type": "model_bounding_sphere_concentric_sphere",
      "intervals": 8,
      "data": [
        0,
        0,
        0,
        0,
        0,
        0,
        0.33055418377632406,
        0.6694458162236759
      ]
    },
    {
      "type": "model_bounding_sphere_strict_outer",
      "intervals": 16,
      "data": [
        0.1514121809485797,
        0.5870295830768294,
        0.2036094330304896,
        0.049428024434958494,
        0.008159869030787236,
        0.0003602329844879956,
        6.764938675830904e-07,
        0,
        0,
        0,
        0,
        0,
        0,
        0,
        0,
        0
      ]
    },
    {
      "type": "model_bounding_sphere_strict_outer_absolute",
      "intervals": 16,
      "data": [
        0.1233936889320626,
        0.4784010461661616,
        0.16593195399206445,
        0.04028147691581659,
        0.006649903162370215,
        0.00029357266074963846,
        5.51310161032185e-07,
        0,
        0,
        0,
        0,
        0,
        0,
        0,
        0,
        0
      ]
    },
    {
      "type": "model_bounding_sphere_missed",
      "intervals": 16,
      "data": [
        0,
        0,
        0,
        0,
        0.02728131303049894,
        0.24685164054330241,
        0.2619268228010642,
        0.2507098146586782,
        0.18212071467089327,
        0.03110969429556295,
        0,
        0,
        0,
        0,
        0,
        0
      ]
    },
    {
      "type": "model_bounding_sphere_concentric_sphere",
      "intervals": 16,
      "data": [
        0,
        0,
        0,
        0,
        0,
        0,
        0,
        0,
        0,
        0,
        0,
        0,
        0,
        0.33055418377632406,
        0.4383419811799406,
        0.23110383504373533
      ]
    },
    {
      "type": "model_bounding_sphere_strict_outer",
      "intervals": 32,
      "data": [
        0.005057468154051183,
        0.14635471279452852,
        0.2876147502722888,
        0.2994148328045406,
        0.13676101501139892,
        0.06684841801909065,
        0.033514520940867674,
        0.015913503494090826,
        0.006304584598940611,
        0.0018552844318466253,
        0.00033587920525500437,
        2.4353779232991252e-05,
        6.764938675830904e-07,
        0,
        0,
        0,
        0,
        0,
        0,
        0,
        0,
        0,
        0,
        0,
        0,
        0,
        0,
        0,
        0,
        0,
        0,
        0
      ]
    },
    {
      "type": "model_bounding_sphere_strict_outer_absolute",
      "intervals": 32,
      "data": [
        0.004121594763876615,
        0.11927209416818599,
        0.2343922715136386,
        0.244008774652523,
        0.11145368911950805,
        0.05447826487255639,
        0.02731273234277599,
        0.012968744573040602,
        0.0051379350457394475,
        0.0015119681166307671,
        0.0002737254949524798,
        1.9847165797158658e-05,
        5.51310161032185e-07,
        0,
        0,
        0,
        0,
        0,
        0,
        0,
        0,
        0,
        0,
        0,
        0,
        0,
        0,
        0,
        0,
        0,
        0,
        0
      ]
    },
    {
      "type": "model_bounding_sphere_missed",
      "intervals": 32,
      "data": [
        0,
        0,
        0,
        0,
        0,
        0,
        0,
        0,
        0,
        0.02728131303049894,
        0.11710079815045986,
        0.12975084239284257,
        0.13282844383004966,
        0.12909837897101453,
        0.12928905321300993,
        0.12142076144566827,
        0.10578547360204499,
        0.0763352410688483,
        0.029581321074568526,
        0.0015283732209944259,
        0,
        0,
        0,
        0,
        0,
        0,
        0,
        0,
        0,
        0,
        0,
        0
      ]
    },
    {
      "type": "model_bounding_sphere_concentric_sphere",
      "intervals": 32,
      "data": [
        0,
        0,
        0,
        0,
        0,
        0,
        0,
        0,
        0,
        0,
        0,
        0,
        0,
        0,
        0,
        0,
        0,
        0,
        0,
        0,
        0,
        0,
        0,
        0,
        0,
        0,
        0.04325366490552763,
        0.28730051887079644,
        0.26990211133736075,
        0.1684398698425799,
        0.13774903430500401,
        0.0933548007387313
      ]
    },
    {
      "type": "model_bounding_sphere_strict_outer",
      "intervals": 64,
      "data": [
        0,
        0.005057468154051183,
        0.05752700901766326,
        0.08882770377686526,
        0.11703715980814634,
        0.17057759046414245,
        0.17816277795441784,
        0.12125205485012279,
        0.08098443387610692,
        0.055776581135292005,
        0.039186922020551886,
        0.027661495998538774,
        0.01972588468485533,
        0.01378863625601234,
        0.00963834637839008,
        0.006275157115700746,
        0.003976769200587197,
        0.002327815398353414,
        0.0012633522977114212,
        0.000591932134135204,
        0.0002455672739326618,
        9.031193132234257e-05,
        1.9956569093701166e-05,
        4.397210139290087e-06,
        6.764938675830904e-07,
        0,
        0,
        0,
        0,
        0,
        0,
        0,
        0,
        0,
        0,
        0,
        0,
        0,
        0,
        0,
        0,
        0,
        0,
        0,
        0,
        0,
        0,
        0,
        0,
        0,
        0,
        0,
        0,
        0,
        0,
        0,
        0,
        0,
        0,
        0,
        0,
        0,
        0,
        0
      ]
    },
    {
      "type": "model_bounding_sphere_strict_outer_absolute",
      "intervals": 64,
      "data": [
        0,
        0.004121594763876615,
        0.04688176216369391,
        0.07239033200449208,
        0.09537969006445367,
        0.1390125814491849,
        0.1451941466297583,
        0.0988146280227647,
        0.06599844199748492,
        0.04545524712202313,
        0.03193546804303086,
        0.022542796829525525,
        0.01607565298553748,
        0.01123707935723851,
        0.007854791519306055,
        0.005113953053734547,
        0.003240876781627699,
        0.0018970582641117484,
        0.0010295717257276054,
        0.00048239639090316184,
        0.00020012558845468312,
        7.359990649779669e-05,
        1.6263649750449455e-05,
        3.583516046709202e-06,
        5.51310161032185e-07,
        0,
        0,
        0,
        0,
        0,
        0,
        0,
        0,
        0,
        0,
        0,
        0,
        0,
        0,
        0,
        0,
        0,
        0,
        0,
        0,
        0,
        0,
        0,
        0,
        0,
        0,
        0,
        0,
        0,
        0,
        0,
        0,
        0,
        0,
        0,
        0,
        0,
        0,
        0
      ]
    },
    {
      "type": "model_bounding_sphere_missed",
      "intervals": 64,
      "data": [
        0,
        0,
        0,
        0,
        0,
        0,
        0,
        0,
        0,
        0,
        0,
        0,
        0,
        0,
        0,
        0,
        0,
        0,
        0,
        0.02728131303049894,
        0.06183804010713509,
        0.05526275804332476,
        0.06877381565971798,
        0.060977026733124585,
        0.06508546079111935,
        0.06774298303893032,
        0.06217469931565823,
        0.06692367965535631,
        0.06532976216367596,
        0.06395929104933398,
        0.06126005881108652,
        0.06016070263458175,
        0.05673750413375798,
        0.049047969468287,
        0.0449991211109158,
        0.03133611995793249,
        0.019371311272720772,
        0.010210009801847752,
        0.0015283732209944259,
        0,
        0,
        0,
        0,
        0,
        0,
        0,
        0,
        0,
        0,
        0,
        0,
        0,
        0,
        0,
        0,
        0,
        0,
        0,
        0,
        0,
        0,
        0,
        0,
        0
      ]
    },
    {
      "type": "model_bounding_sphere_concentric_sphere",
      "intervals": 64,
      "data": [
        0,
        0,
        0,
        0,
        0,
        0,
        0,
        0,
        0,
        0,
        0,
        0,
        0,
        0,
        0,
        0,
        0,
        0,
        0,
        0,
        0,
        0,
        0,
        0,
        0,
        0,
        0,
        0,
        0,
        0,
        0,
        0,
        0,
        0,
        0,
        0,
        0,
        0,
        0,
        0,
        0,
        0,
        0,
        0,
        0,
        0,
        0,
        0,
        0,
        0,
        0,
        0,
        0,
        0.04325366490552763,
        0.12220658769728253,
        0.16509393117351392,
        0.1560525906332659,
        0.11384952070409482,
        0.09111492954316369,
        0.07732494029941618,
        0.0731113982451749,
        0.06463763605982911,
        0.05983385310612159,
        0.03352094763260971
      ]
    },
    {
      "type": "model_bounding_sphere_strict_outer",
      "intervals": 128,
      "data": [
        0,
        0,
        0,
        0.005057468154051183,
        0.02335256830896828,
        0.03417444070869498,
        0.04149985455381847,
        0.047327849223046795,
        0.054521346763991584,
        0.06251581304415475,
        0.07773861629944324,
        0.0928389741646992,
        0.09438510089906035,
        0.08377767705535749,
        0.06691437617118001,
        0.05433767867894278,
        0.04441757260470434,
        0.03656686127140257,
        0.030387089791031045,
        0.025389491344260964,
        0.021277423370157148,
        0.017909498650394734,
        0.015086489740970498,
        0.012575006257568275,
        0.010739001900947768,
        0.008986882783907564,
        0.007548995068359705,
        0.006239641187652634,
        0.005295593995440431,
        0.004342752382949649,
        0.003457898404150966,
        0.0028172587115497796,
        0.0022395329486338206,
        0.001737236251953376,
        0.0013269427212642317,
        0.0010008726770891821,
        0.000733995846327653,
        0.0005293564513837682,
        0.000362938959958328,
        0.00022899317417687608,
        0.0001579613180806516,
        8.76059558520102e-05,
        5.276652167148105e-05,
        3.754540965086151e-05,
        1.1838642682704082e-05,
        8.117926410997085e-06,
        3.0442224041239065e-06,
        1.3529877351661808e-06,
        6.764938675830904e-07,
        0,
        0,
        0,
        0,
        0,
        0,
        0,
        0,
        0,
        0,
        0,
        0,
        0,
        0,
        0,
        0,
        0,
        0,
        0,
        0,
        0,
        0,
        0,
        0,
        0,
        0,
        0,
        0,
        0,
        0,
        0,
        0,
        0,
        0,
        0,
        0,
        0,
        0,
        0,
        0,
        0,
        0,
        0,
        0,
        0,
        0,
        0,
        0,
        0,
        0,
        0,
        0,
        0,
        0,
        0,
        0,
        0,
        0,
        0,
        0,
        0,
        0,
        0,
        0,
        0,
        0,
        0,
        0,
        0,
        0,
        0,
        0,
        0,
        0,
        0,
        0,
        0,
        0,
        0
      ]
    },
    {
      "type": "model_bounding_sphere_strict_outer_absolute",
      "intervals": 128,
      "data": [
        0,
        0,
        0,
        0.004121594763876615,
        0.019031226758831024,
        0.027850535404862885,
        0.0338203974835999,
        0.03856993452089218,
        0.04443229111822791,
        0.050947398946225755,
        0.0633532558448525,
        0.07565932560433242,
        0.07691934497737148,
        0.06827480165238682,
        0.054532017613257024,
        0.04428261040950768,
        0.036198198208131714,
        0.02980024378935321,
        0.024764025468324197,
        0.020691221653698934,
        0.017340082839864795,
        0.014595385203166064,
        0.012294767901178756,
        0.01024802892834677,
        0.00875177315130542,
        0.007323879834232061,
        0.0061520700869581516,
        0.005085009270280358,
        0.004315655940559944,
        0.003539135578746111,
        0.0028180218881160134,
        0.0022959311656185343,
        0.0018251122880970482,
        0.001415764493530651,
        0.0010813948808646306,
        0.0008156633832471176,
        0.0005981715247199206,
        0.0004314002010076847,
        0.00029577790139376724,
        0.0001866184895093946,
        0.0001287309226010152,
        7.139466585366795e-05,
        4.3002192560510424e-05,
        3.059771393728626e-05,
        9.647927818063236e-06,
        6.6157219323862195e-06,
        2.480895724644832e-06,
        1.10262032206437e-06,
        5.51310161032185e-07,
        0,
        0,
        0,
        0,
        0,
        0,
        0,
        0,
        0,
        0,
        0,
        0,
        0,
        0,
        0,
        0,
        0,
        0,
        0,
        0,
        0,
        0,
        0,
        0,
        0,
        0,
        0,
        0,
        0,
        0,
        0,
        0,
        0,
        0,
        0,
        0,
        0,
        0,
        0,
        0,
        0,
        0,
        0,
        0,
        0,
        0,
        0,
        0,
        0,
        0,
        0,
        0,
        0,
        0,
        0,
        0,
        0,
        0,
        0,
        0,
        0,
        0,
        0,
        0,
        0,
        0,
        0,
        0,
        0,
        0,
        0,
        0,
        0,
        0,
        0,
        0,
        0,
        0,
        0
      ]
    },
    {
      "type": "model_bounding_sphere_missed",
      "intervals": 128,
      "data": [
        0,
        0,
        0,
        0,
        0,
        0,
        0,
        0,
        0,
        0,
        0,
        0,
        0,
        0,
        0,
        0,
        0,
        0,
        0,
        0,
        0,
        0,
        0,
        0,
        0,
        0,
        0,
        0,
        0,
        0,
        0,
        0,
        0,
        0,
        0,
        0,
        0,
        0,
        0,
        0.02728131303049894,
        0.03092795790866108,
        0.03091008219847401,
        0.025773794804722763,
        0.029488963238602,
        0.03530750690449306,
        0.033466308755224924,
        0.031121611435687663,
        0.029855415297436922,
        0.0330730431311094,
        0.03201241766000995,
        0.02838662777706606,
        0.039356355261864255,
        0.03401449720096171,
        0.028160202114696515,
        0.03378509225356099,
        0.033138587401795316,
        0.030344018042550148,
        0.03498574412112581,
        0.03311475312154589,
        0.03084453792778809,
        0.028982484783301704,
        0.03227757402778481,
        0.03047510658392199,
        0.029685596050659763,
        0.02928935114151306,
        0.02744815299224492,
        0.023864073099737523,
        0.025183896368549476,
        0.025002159981647603,
        0.019996961129268197,
        0.016791250435720436,
        0.01454486952221206,
        0.01086545250870696,
        0.008505858764013812,
        0.00635183568647196,
        0.003858174115375792,
        0.0014330360999967229,
        9.533712099770297e-05,
        0,
        0,
        0,
        0,
        0,
        0,
        0,
        0,
        0,
        0,
        0,
        0,
        0,
        0,
        0,
        0,
        0,
        0,
        0,
        0,
        0,
        0,
        0,
        0,
        0,
        0,
        0,
        0,
        0,
        0,
        0,
        0,
        0,
        0,
        0,
        0,
        0,
        0,
        0,
        0,
        0,
        0,
        0,
        0,
        0,
        0,
        0,
        0,
        0,
        0
      ]
    },
    {
      "type": "model_bounding_sphere_concentric_sphere",
      "intervals": 128,
      "data": [
        0,
        0,
        0,
        0,
        0,
        0,
        0,
        0,
        0,
        0,
        0,
        0,
        0,
        0,
        0,
        0,
        0,
        0,
        0,
        0,
        0,
        0,
        0,
        0,
        0,
        0,
        0,
        0,
        0,
        0,
        0,
        0,
        0,
        0,
        0,
        0,
        0,
        0,
        0,
        0,
        0,
        0,
        0,
        0,
        0,
        0,
        0,
        0,
        0,
        0,
        0,
        0,
        0,
        0,
        0,
        0,
        0,
        0,
        0,
        0,
        0,
        0,
        0,
        0,
        0,
        0,
        0,
        0,
        0,
        0,
        0,
        0,
        0,
        0,
        0,
        0,
        0,
        0,
        0,
        0,
        0,
        0,
        0,
        0,
        0,
        0,
        0,
        0,
        0,
        0,
        0,
        0,
        0,
        0,
        0,
        0,
        0,
        0,
        0,
        0,
        0,
        0,
        0,
        0,
        0,
        0,
        0.0019236103124725173,
        0.04133005459305512,
        0.06278066039331354,
        0.05942592730396899,
        0.06638569621366382,
        0.0987082349598501,
        0.08957928846375007,
        0.06647330216951583,
        0.06523058293476569,
        0.04861893776932912,
        0.043311166884272195,
        0.0478037626588915,
        0.04002746565102387,
        0.03729747464839231,
        0.0369298002313609,
        0.03618159801381401,
        0.03273790598088228,
        0.031899730078946836,
        0.02872900332158489,
        0.031104849784536703,
        0.027758234621603154,
        0.005762713011006555
      ]
    },
    {
      "type": "hull_bounding_sphere_strict_outer",
      "intervals": 8,
      "data": [
        0.7384419253299094,
        0.2530372903966895,
        0.008520107779075895,
        6.764943252273528e-07,
        0,
        0,
        0,
        0
      ]
    },
    {
      "type": "hull_bounding_sphere_strict_outer_absolute",
      "intervals": 8,
      "data": [
        0.6017944594431437,
        0.2062131552528005,
        0.006943475823119853,
        5.51310161032185e-07,
        0,
        0,
        0,
        0
      ]
    },
    {
      "type": "hull_bounding_sphere_missed",
      "intervals": 8,
      "data": [
        0,
        0,
        0.2741351161321845,
        0.5126351101736322,
        0.21322977369418325,
        0,
        0,
        0
      ]
    },
    {
      "type": "hull_bounding_sphere_concentric_sphere",
      "intervals": 8,
      "data": [
        0,
        0,
        0,
        0,
        0,
        0,
        0.3305544073943536,
        0.6694455926056464
      ]
    },
    {
      "type": "hull_bounding_sphere_strict_outer",
      "intervals": 16,
      "data": [
        0.1514126216252235,
        0.5870293037046859,
        0.20360957077111558,
        0.04942771962557392,
        0.00815987455089233,
        0.00036023322818356536,
        6.764943252273528e-07,
        0,
        0,
        0,
        0,
        0,
        0,
        0,
        0,
        0
      ]
    },
    {
      "type": "hull_bounding_sphere_strict_outer_absolute",
      "intervals": 16,
      "data": [
        0.12339396458714312,
        0.47840049485600056,
        0.16593195399206445,
        0.040281201260736074,
        0.006649903162370215,
        0.00029357266074963846,
        5.51310161032185e-07,
        0,
        0,
        0,
        0,
        0,
        0,
        0,
        0,
        0
      ]
    },
    {
      "type": "hull_bounding_sphere_missed",
      "intervals": 16,
      "data": [
        0,
        0,
        0,
        0,
        0.02728123175193355,
        0.24685388438025097,
        0.26192604244872664,
        0.25070906772490553,
        0.18212017208299072,
        0.031109601611192545,
        0,
        0,
        0,
        0,
        0,
        0
      ]
    },
    {
      "type": "hull_bounding_sphere_concentric_sphere",
      "intervals": 16,
      "data": [
        0,
        0,
        0,
        0,
        0,
        0,
        0,
        0,
        0,
        0,
        0,
        0,
        0,
        0.3305544073943536,
        0.4383429542101286,
        0.2311026383955178
      ]
    },
    {
      "type": "hull_bounding_sphere_strict_outer",
      "intervals": 32,
      "data": [
        0.00505747157539969,
        0.1463551500498238,
        0.2876146065948726,
        0.2994146971098133,
        0.13676076928228686,
        0.06684880148882871,
        0.0335145436132509,
        0.015913176012323022,
        0.006304588863956314,
        0.0018552856869360152,
        0.0003358794324753807,
        2.43537957081847e-05,
        6.764943252273528e-07,
        0,
        0,
        0,
        0,
        0,
        0,
        0,
        0,
        0,
        0,
        0,
        0,
        0,
        0,
        0,
        0,
        0,
        0,
        0
      ]
    },
    {
      "type": "hull_bounding_sphere_strict_outer_absolute",
      "intervals": 32,
      "data": [
        0.004121594763876615,
        0.1192723698232665,
        0.23439199585855808,
        0.24400849899744248,
        0.11145341346442754,
        0.054478540527636905,
        0.02731273234277599,
        0.012968468917960087,
        0.0051379350457394475,
        0.0015119681166307671,
        0.0002737254949524798,
        1.9847165797158658e-05,
        5.51310161032185e-07,
        0,
        0,
        0,
        0,
        0,
        0,
        0,
        0,
        0,
        0,
        0,
        0,
        0,
        0,
        0,
        0,
        0,
        0,
        0
      ]
    },
    {
      "type": "hull_bounding_sphere_missed",
      "intervals": 32,
      "data": [
        0,
        0,
        0,
        0,
        0,
        0,
        0,
        0,
        0,
        0.02728123175193355,
        0.11710044927484418,
        0.1297534351054068,
        0.13282804809743426,
        0.1290979943512924,
        0.1292886680252166,
        0.12142039969968896,
        0.10578515843790592,
        0.07633501364508478,
        0.029581232943644013,
        0.0015283686675485325,
        0,
        0,
        0,
        0,
        0,
        0,
        0,
        0,
        0,
        0,
        0,
        0
      ]
    },
    {
      "type": "hull_bounding_sphere_concentric_sphere",
      "intervals": 32,
      "data": [
        0,
        0,
        0,
        0,
        0,
        0,
        0,
        0,
        0,
        0,
        0,
        0,
        0,
        0,
        0,
        0,
        0,
        0,
        0,
        0,
        0,
        0,
        0,
        0,
        0,
        0,
        0.043254032413549096,
        0.28730037498080446,
        0.26990330866609524,
        0.16843964554403335,
        0.1377484509971188,
        0.09335418739839901
      ]
    },
    {
      "type": "hull_bounding_sphere_strict_outer",
      "intervals": 64,
      "data": [
        0,
        0.00505747157539969,
        0.05752738618152101,
        0.0888277638683028,
        0.11703622424163294,
        0.17057838235323963,
        0.17816222198620088,
        0.12125247512361242,
        0.08098448866161687,
        0.05577628062067001,
        0.039186948530282255,
        0.027661852958546458,
        0.019726236276466996,
        0.013788307336783906,
        0.009638014651514096,
        0.006275161360808925,
        0.00397643364368638,
        0.002328155220269935,
        0.0012633531523620813,
        0.0005919325345739337,
        0.0002455674400575291,
        9.03119924178516e-05,
        1.995658259420691e-05,
        4.397213113977793e-06,
        6.764943252273528e-07,
        0,
        0,
        0,
        0,
        0,
        0,
        0,
        0,
        0,
        0,
        0,
        0,
        0,
        0,
        0,
        0,
        0,
        0,
        0,
        0,
        0,
        0,
        0,
        0,
        0,
        0,
        0,
        0,
        0,
        0,
        0,
        0,
        0,
        0,
        0,
        0,
        0,
        0,
        0
      ]
    },
    {
      "type": "hull_bounding_sphere_strict_outer_absolute",
      "intervals": 64,
      "data": [
        0,
        0.004121594763876615,
        0.046882037818774425,
        0.07239033200449208,
        0.09537886309921212,
        0.13901313275934596,
        0.14519359531959725,
        0.09881490367784522,
        0.06599844199748492,
        0.04545497146694261,
        0.03193546804303086,
        0.022543072484606044,
        0.016075928640617996,
        0.011236803702157993,
        0.00785451586422554,
        0.005113953053734547,
        0.003240601126547183,
        0.0018973339191922644,
        0.0010295717257276054,
        0.00048239639090316184,
        0.00020012558845468312,
        7.359990649779669e-05,
        1.6263649750449455e-05,
        3.583516046709202e-06,
        5.51310161032185e-07,
        0,
        0,
        0,
        0,
        0,
        0,
        0,
        0,
        0,
        0,
        0,
        0,
        0,
        0,
        0,
        0,
        0,
        0,
        0,
        0,
        0,
        0,
        0,
        0,
        0,
        0,
        0,
        0,
        0,
        0,
        0,
        0,
        0,
        0,
        0,
        0,
        0,
        0,
        0
      ]
    },
    {
      "type": "hull_bounding_sphere_missed",
      "intervals": 64,
      "data": [
        0,
        0,
        0,
        0,
        0,
        0,
        0,
        0,
        0,
        0,
        0,
        0,
        0,
        0,
        0,
        0,
        0,
        0,
        0,
        0.02728123175193355,
        0.061837855874536725,
        0.05526259340030746,
        0.06877361076352889,
        0.060979824341877896,
        0.06508526688355797,
        0.06774278121387628,
        0.06217451408005911,
        0.06692348027123331,
        0.06532956752827333,
        0.06395910049694327,
        0.06125987630045404,
        0.06016052339923492,
        0.056737335097064814,
        0.04904782334084111,
        0.044998987046107275,
        0.03133602659897751,
        0.019371253560235006,
        0.010209979383409007,
        0.0015283686675485325,
        0,
        0,
        0,
        0,
        0,
        0,
        0,
        0,
        0,
        0,
        0,
        0,
        0,
        0,
        0,
        0,
        0,
        0,
        0,
        0,
        0,
        0,
        0,
        0,
        0
      ]
    },
    {
      "type": "hull_bounding_sphere_concentric_sphere",
      "intervals": 64,
      "data": [
        0,
        0,
        0,
        0,
        0,
        0,
        0,
        0,
        0,
        0,
        0,
        0,
        0,
        0,
        0,
        0,
        0,
        0,
        0,
        0,
        0,
        0,
        0,
        0,
        0,
        0,
        0,
        0,
        0,
        0,
        0,
        0,
        0,
        0,
        0,
        0,
        0,
        0,
        0,
        0,
        0,
        0,
        0,
        0,
        0,
        0,
        0,
        0,
        0,
        0,
        0,
        0,
        0,
        0.043254032413549096,
        0.12220700861650823,
        0.16509336636429625,
        0.1560523579547953,
        0.11385095071129996,
        0.09111465293473385,
        0.0773249926092995,
        0.0731107712102957,
        0.06463767978682311,
        0.059833893583383674,
        0.03352029381501533
      ]
    },
    {
      "type": "hull_bounding_sphere_strict_outer",
      "intervals": 128,
      "data": [
        0,
        0,
        0,
        0.00505747157539969,
        0.02335258410684822,
        0.0341748020746728,
        0.04149954438107196,
        0.04732821948723083,
        0.05452070715304805,
        0.0625155170885849,
        0.07773900713633863,
        0.092839375216901,
        0.09438482650288288,
        0.08377739548331799,
        0.06691442143837577,
        0.05433805368523666,
        0.044416926158614915,
        0.036567562503001944,
        0.030386772100562235,
        0.025389508520107778,
        0.021277437764213314,
        0.017909510766068937,
        0.01508683819405781,
        0.012575014764488648,
        0.010739009165821612,
        0.008987227110645382,
        0.007548661928049417,
        0.006239645408734489,
        0.005295935825042331,
        0.004342078826471764,
        0.003457900743399614,
        0.002817260617409311,
        0.002239872710827765,
        0.0017365609328586146,
        0.0013272818660960662,
        0.0010008733541738686,
        0.0007339963428716778,
        0.0005293568094904036,
        0.0003629392054844748,
        0.00022899332908945893,
        0.0001579614249405869,
        8.760601511694219e-05,
        5.276655736773352e-05,
        3.754543505011808e-05,
        1.1838650691478674e-05,
        8.117931902728234e-06,
        3.0442244635230877e-06,
        1.3529886504547056e-06,
        6.764943252273528e-07,
        0,
        0,
        0,
        0,
        0,
        0,
        0,
        0,
        0,
        0,
        0,
        0,
        0,
        0,
        0,
        0,
        0,
        0,
        0,
        0,
        0,
        0,
        0,
        0,
        0,
        0,
        0,
        0,
        0,
        0,
        0,
        0,
        0,
        0,
        0,
        0,
        0,
        0,
        0,
        0,
        0,
        0,
        0,
        0,
        0,
        0,
        0,
        0,
        0,
        0,
        0,
        0,
        0,
        0,
        0,
        0,
        0,
        0,
        0,
        0,
        0,
        0,
        0,
        0,
        0,
        0,
        0,
        0,
        0,
        0,
        0,
        0,
        0,
        0,
        0,
        0,
        0,
        0,
        0
      ]
    },
    {
      "type": "hull_bounding_sphere_strict_outer_absolute",
      "intervals": 128,
      "data": [
        0,
        0,
        0,
        0.004121594763876615,
        0.019031226758831024,
        0.027850811059943404,
        0.03382012182851939,
        0.03857021017597269,
        0.04443173980806688,
        0.050947123291145244,
        0.06335353149993302,
        0.07565960125941293,
        0.07691906932229096,
        0.0682745259973063,
        0.054532017613257024,
        0.04428288606458819,
        0.036197646897970684,
        0.029800795099514242,
        0.024763749813243682,
        0.020691221653698934,
        0.017340082839864795,
        0.014595385203166064,
        0.012295043556259272,
        0.01024802892834677,
        0.00875177315130542,
        0.007324155489312577,
        0.006151794431877636,
        0.005085009270280358,
        0.00431593159564046,
        0.003538584268585079,
        0.0028180218881160134,
        0.0022959311656185343,
        0.0018253879431775644,
        0.0014152131833696188,
        0.0010816705359451468,
        0.0008156633832471176,
        0.0005981715247199206,
        0.0004314002010076847,
        0.00029577790139376724,
        0.0001866184895093946,
        0.0001287309226010152,
        7.139466585366795e-05,
        4.3002192560510424e-05,
        3.059771393728626e-05,
        9.647927818063236e-06,
        6.6157219323862195e-06,
        2.480895724644832e-06,
        1.10262032206437e-06,
        5.51310161032185e-07,
        0,
        0,
        0,
        0,
        0,
        0,
        0,
        0,
        0,
        0,
        0,
        0,
        0,
        0,
        0,
        0,
        0,
        0,
        0,
        0,
        0,
        0,
        0,
        0,
        0,
        0,
        0,
        0,
        0,
        0,
        0,
        0,
        0,
        0,
        0,
        0,
        0,
        0,
        0,
        0,
        0,
        0,
        0,
        0,
        0,
        0,
        0,
        0,
        0,
        0,
        0,
        0,
        0,
        0,
        0,
        0,
        0,
        0,
        0,
        0,
        0,
        0,
        0,
        0,
        0,
        0,
        0,
        0,
        0,
        0,
        0,
        0,
        0,
        0,
        0,
        0,
        0,
        0,
        0
      ]
    },
    {
      "type": "hull_bounding_sphere_missed",
      "intervals": 128,
      "data": [
        0,
        0,
        0,
        0,
        0,
        0,
        0,
        0,
        0,
        0,
        0,
        0,
        0,
        0,
        0,
        0,
        0,
        0,
        0,
        0,
        0,
        0,
        0,
        0,
        0,
        0,
        0,
        0,
        0,
        0,
        0,
        0,
        0,
        0,
        0,
        0,
        0,
        0,
        0,
        0.02728123175193355,
        0.03092786576573356,
        0.030909990108803166,
        0.025773718017470474,
        0.029488875382836986,
        0.035307401713679645,
        0.033466209049849246,
        0.03112449799196787,
        0.029855326349910026,
        0.03307294459738062,
        0.03201232228617735,
        0.0283865432054628,
        0.03935623800841347,
        0.03401439586238127,
        0.028160118217677832,
        0.03378499159844124,
        0.03313848867279206,
        0.030343927639340747,
        0.034985639888932586,
        0.03311465446355154,
        0.030844446033391728,
        0.028982398436475872,
        0.032277477863978166,
        0.030475015790163623,
        0.0296855076090713,
        0.029289263880447607,
        0.02744807121661721,
        0.023864002002073576,
        0.025183821338767533,
        0.025002085493308547,
        0.01999690155279873,
        0.016791200409948397,
        0.014544826189029114,
        0.010865420137523387,
        0.008505833422711618,
        0.006351816762599359,
        0.003858162620809648,
        0.0014330318305864407,
        9.533683696209168e-05,
        0,
        0,
        0,
        0,
        0,
        0,
        0,
        0,
        0,
        0,
        0,
        0,
        0,
        0,
        0,
        0,
        0,
        0,
        0,
        0,
        0,
        0,
        0,
        0,
        0,
        0,
        0,
        0,
        0,
        0,
        0,
        0,
        0,
        0,
        0,
        0,
        0,
        0,
        0,
        0,
        0,
        0,
        0,
        0,
        0,
        0,
        0,
        0,
        0,
        0
      ]
    },
    {
      "type": "hull_bounding_sphere_concentric_sphere",
      "intervals": 128,
      "data": [
        0,
        0,
        0,
        0,
        0,
        0,
        0,
        0,
        0,
        0,
        0,
        0,
        0,
        0,
        0,
        0,
        0,
        0,
        0,
        0,
        0,
        0,
        0,
        0,
        0,
        0,
        0,
        0,
        0,
        0,
        0,
        0,
        0,
        0,
        0,
        0,
        0,
        0,
        0,
        0,
        0,
        0,
        0,
        0,
        0,
        0,
        0,
        0,
        0,
        0,
        0,
        0,
        0,
        0,
        0,
        0,
        0,
        0,
        0,
        0,
        0,
        0,
        0,
        0,
        0,
        0,
        0,
        0,
        0,
        0,
        0,
        0,
        0,
        0,
        0,
        0,
        0,
        0,
        0,
        0,
        0,
        0,
        0,
        0,
        0,
        0,
        0,
        0,
        0,
        0,
        0,
        0,
        0,
        0,
        0,
        0,
        0,
        0,
        0,
        0,
        0,
        0,
        0,
        0,
        0,
        0,
        0.0019236116137839778,
        0.04133042079976512,
        0.06278036461691142,
        0.05942664399959681,
        0.06638540287604798,
        0.09870796348824828,
        0.089579687310793,
        0.06647267064400231,
        0.06523164180437273,
        0.048619308906927235,
        0.04331187267835604,
        0.04780278025637782,
        0.04002681623505201,
        0.03729817637424748,
        0.036929148719835964,
        0.03618162249045974,
        0.0327379281278899,
        0.03189975165893321,
        0.028729022756592608,
        0.03110487082679107,
        0.027758253399891356,
        0.005762040415123978
      ]
    }
  ],
  "point_data": [],
  "error_message": "",
  "origin_uuid": "09c7315c-8179-48d9-8e79-4bd88105e367"
}